Wavelength,Throughput
200,29.9993
201,42.2467
202,48.6814
203,7.8268
204,18.7212
205,4.7109
206,2.1087
207,8.8167
208,33.8661
209,74.7027
210,13.3927
211,15.9366
212,23.9813
213,6.6554
214,11.4097
215,21.3373
216,42.1685
217,4.1524
218,2.4733
219,3.9929
220,9.8035
221,20.7056
222,32.1324
223,15.8714
224,10.1194
225,11.2158
226,7.5131
227,7.7569
228,13.3144
229,15.3689
230,14.6326
231,4.1834
232,2.457
233,3.4219
234,8.1716
235,13.2015
236,9.1973
237,5.5498
238,5.3897
239,10.7243
240,31.4113
241,13.4081
242,5.6297
243,2.9719
244,2.2159
245,3.0708
246,9.8977
247,26.6097
248,21.6899
249,44.2643
250,48.5538
251,9.0096
252,2.3414
253,1.4682
254,3.1481
255,17.6157
256,0.7228
257,0.2691
258,0.2166
259,0.3066
260,0.7755
261,4.3876
262,29.3901
263,14.1508
264,15.5437
265,28.5307
266,53.9885
267,68.3903
268,60.5299
269,41.3869
270,27.8029
271,23.7904
272,25.8917
273,28.9265
274,27.646
275,25.3189
276,25.9565
277,29.2382
278,28.9355
279,23.0378
280,18.5303
281,16.4886
282,15.7271
283,16.9755
284,17.0017
285,8.0907
286,3.241
287,1.8142
288,1.4649
289,1.6511
290,2.4226
291,3.615
292,3.7694
293,3.1502
294,2.8038
295,2.7544
296,2.8557
297,2.9515
298,2.7503
299,2.1823
300,1.6342
301,1.3128
302,1.1887
303,1.2132
304,1.3901
305,1.8308
306,2.9756
307,6.8032
308,16.1999
309,5.9767
310,1.8621
311,0.8202
312,0.4497
313,0.2849
314,0.2005
315,0.1531
316,0.125
317,0.1083
318,0.099
319,0.0951
320,0.0958
321,0.1011
322,0.1121
323,0.1313
324,0.1633
325,0.2164
326,0.3049
327,0.4496
328,0.6566
329,0.8266
330,0.7821
331,0.6067
332,0.4678
333,0.3964
334,0.3773
335,0.3955
336,0.4355
337,0.4788
338,0.521
339,0.5948
340,0.786
341,1.3654
342,3.7956
343,8.9499
344,2.4763
345,0.9413
346,0.5385
347,0.3935
348,0.3368
349,0.3196
350,0.3232
351,0.3399
352,0.3677
353,0.4094
354,0.4706
355,0.5547
356,0.652
357,0.7212
358,0.7006
359,0.5839
360,0.438
361,0.3168
362,0.2316
363,0.1748
364,0.1371
365,0.1119
366,0.0947
367,0.0828
368,0.0747
369,0.0693
370,0.0662
371,0.0648
372,0.0652
373,0.0673
374,0.0711
375,0.0771
376,0.0858
377,0.0981
378,0.1156
379,0.1409
380,0.1782
381,0.2352
382,0.3253
383,0.4744
384,0.7338
385,1.2014
386,2.0062
387,2.9713
388,3.1453
389,2.4361
390,1.7254
391,1.2655
392,0.9894
393,0.8222
394,0.719
395,0.655
396,0.6165
397,0.596
398,0.5897
399,0.5964
400,0.6162
401,0.6505
402,0.7007
403,0.7684
404,0.854
405,0.9554
406,1.0676
407,1.1818
408,1.2877
409,1.3759
410,1.4418
411,1.4856
412,1.5115
413,1.5241
414,1.5272
415,1.5229
416,1.5113
417,1.4917
418,1.4632
419,1.4258
420,1.3807
421,1.3302
422,1.277
423,1.2238
424,1.1724
425,1.1242
426,1.0798
427,1.0396
428,1.0038
429,0.9725
430,0.9461
431,0.9251
432,0.91
433,0.9013
434,0.8995
435,0.905
436,0.9179
437,0.9384
438,0.9662
439,1.001
440,1.0417
441,1.0872
442,1.1356
443,1.1847
444,1.2318
445,1.2746
446,1.3106
447,1.3381
448,1.356
449,1.3639
450,1.3621
451,1.3526
452,1.3384
453,1.3187
454,1.2969
455,1.2766
456,1.2608
457,1.2522
458,1.2524
459,1.2622
460,1.2815
461,1.3093
462,1.3436
463,1.3814
464,1.4192
465,1.453
466,1.4789
467,1.4931
468,1.4924
469,1.4742
470,1.4374
471,1.3825
472,1.3121
473,1.2309
474,1.1446
475,1.0586
476,0.9773
477,0.9036
478,0.8389
479,0.7834
480,0.7364
481,0.6969
482,0.6638
483,0.6361
484,0.613
485,0.5938
486,0.5785
487,0.5669
488,0.5594
489,0.5561
490,0.5574
491,0.5635
492,0.5748
493,0.5912
494,0.613
495,0.64
496,0.6724
497,0.7102
498,0.754
499,0.8046
500,0.8635
501,0.9329
502,1.0158
503,1.1158
504,1.237
505,1.3837
506,1.5586
507,1.7624
508,1.9904
509,2.2316
510,2.469
511,2.6844
512,2.8656
513,3.0134
514,3.142
515,3.2752
516,3.4417
517,3.6728
518,4.0045
519,4.4827
520,5.1715
521,6.1686
522,7.6272
523,9.7959
524,13.083
525,18.1485
526,26.0045
527,37.9145
528,54.5231
529,73.7007
530,89.4438
531,96.752
532,96.7938
533,93.8794
534,91.0722
535,89.5298
536,89.3106
537,89.9977
538,91.0239
539,91.8723
540,92.2233
541,92.0175
542,91.4102
543,90.6546
544,89.985
545,89.5458
546,89.3749
547,89.421
548,89.5818
549,89.7471
550,89.8372
551,89.8259
552,89.7404
553,89.6429
554,89.602
555,89.6656
556,89.8443
557,90.1068
558,90.3894
559,90.6161
560,90.7226
561,90.6777
562,90.4948
563,90.2276
564,89.9541
565,89.7529
566,89.6813
567,89.7591
568,89.9625
569,90.2288
570,90.472
571,90.6062
572,90.5739
573,90.3672
574,90.0379
575,89.6893
576,89.4548
577,89.4701
578,89.8458
579,90.6434
580,91.8576
581,93.4027
582,95.1077
583,96.7282
584,97.9811
585,98.608
586,98.4503
587,97.5041
588,95.9289
589,94.0022
590,92.0465
591,90.3608
592,89.1767
593,88.6392
594,88.8022
595,89.6274
596,90.983
597,92.6439
598,94.3049
599,95.6259
600,96.3031
601,96.158
602,95.1985
603,93.6196
604,91.7435
605,89.9306
606,88.5063
607,87.7165
608,87.7129
609,88.5476
610,90.1667
611,92.3955
612,94.9252
613,97.3226
614,99.0907
615,99.7967
616,99.2218
617,97.4577
618,94.8782
619,92.0085
620,89.3744
621,87.401
622,86.3774
623,86.4562
624,87.6565
625,89.8469
626,92.7046
627,95.6833
628,98.0532
629,99.0887
630,98.3819
631,96.0961
632,92.9449
633,89.9164
634,87.9682
635,87.8604
636,90.0528
637,94.377
638,99.0035
639,98.8119
640,87.1423
641,65.118
642,42.8278
643,26.714
644,16.6813
645,10.696
646,7.1007
647,4.884
648,3.4744
649,2.5496
650,1.9247
651,1.4911
652,1.1831
653,0.9597
654,0.7947
655,0.6709
656,0.5769
657,0.5047
658,0.4491
659,0.4061
660,0.3731
661,0.3481
662,0.3297
663,0.3171
664,0.3096
665,0.3069
666,0.3089
667,0.3158
668,0.3282
669,0.3467
670,0.3726
671,0.4077
672,0.4547
673,0.5171
674,0.6004
675,0.7119
676,0.8617
677,1.0623
678,1.3261
679,1.6549
680,2.0192
681,2.3337
682,2.4787
683,2.395
684,2.1436
685,1.8363
686,1.5509
687,1.3166
688,1.1354
689,0.9994
690,0.8996
691,0.8283
692,0.7798
693,0.7502
694,0.7372
695,0.7394
696,0.7567
697,0.7898
698,0.8405
699,0.9114
700,1.0062
701,1.1295
702,1.2859
703,1.4784
704,1.7046
705,1.9507
706,2.1852
707,2.3601
708,2.4284
709,2.3724
710,2.2155
711,2.0047
712,1.7841
713,1.5814
714,1.4086
715,1.268
716,1.1574
717,1.0732
718,1.0117
719,0.9699
720,0.9456
721,0.9375
722,0.9448
723,0.9676
724,1.0066
725,1.0632
726,1.1391
727,1.2365
728,1.3574
729,1.5028
730,1.671
731,1.8555
732,2.0423
733,2.2089
734,2.3276
735,2.3746
736,2.3406
737,2.2357
738,2.0838
739,1.9114
740,1.7399
741,1.5824
742,1.4453
743,1.3304
744,1.2369
745,1.1632
746,1.1071
747,1.067
748,1.0413
749,1.0288
750,1.0287
751,1.0407
752,1.0644
753,1.0998
754,1.1467
755,1.2048
756,1.2733
757,1.3503
758,1.4326
759,1.5153
760,1.5914
761,1.6527
762,1.6909
763,1.6999
764,1.6771
765,1.625
766,1.5498
767,1.4598
768,1.3632
769,1.2668
770,1.1754
771,1.0921
772,1.0182
773,0.9541
774,0.8997
775,0.8544
776,0.8174
777,0.7882
778,0.7661
779,0.7507
780,0.7414
781,0.738
782,0.7403
783,0.7481
784,0.7615
785,0.7806
786,0.8054
787,0.8363
788,0.8733
789,0.9168
790,0.967
791,1.0239
792,1.0877
793,1.1581
794,1.2346
795,1.3162
796,1.4017
797,1.4892
798,1.5762
799,1.6601
800,1.738
801,1.807
802,1.8645
803,1.9087
804,1.9386
805,1.954
806,1.9554
807,1.9443
808,1.9223
809,1.8912
810,1.853
811,1.8093
812,1.7618
813,1.7118
814,1.6603
815,1.6081
816,1.5561
817,1.5047
818,1.4545
819,1.4058
820,1.359
821,1.3144
822,1.2722
823,1.2328
824,1.1962
825,1.1628
826,1.1326
827,1.1058
828,1.0826
829,1.063
830,1.0472
831,1.0353
832,1.0275
833,1.0238
834,1.0245
835,1.0297
836,1.0397
837,1.0548
838,1.0752
839,1.1014
840,1.1338
841,1.1728
842,1.219
843,1.2729
844,1.335
845,1.4058
846,1.4855
847,1.5744
848,1.6721
849,1.7779
850,1.8901
851,2.0065
852,2.1235
853,2.2367
854,2.3408
855,2.4304
856,2.5003
857,2.5464
858,2.5668
859,2.5615
860,2.5328
861,2.4846
862,2.4219
863,2.3497
864,2.2729
865,2.1954
866,2.1204
867,2.0503
868,1.9866
869,1.9301
870,1.8814
871,1.8406
872,1.8074
873,1.7814
874,1.7619
875,1.7482
876,1.7391
877,1.7335
878,1.7298
879,1.7263
880,1.721
881,1.7119
882,1.6968
883,1.6737
884,1.6412
885,1.5981
886,1.5444
887,1.4807
888,1.4086
889,1.3301
890,1.2476
891,1.1637
892,1.0805
893,1
894,0.9236
895,0.8522
896,0.7864
897,0.7263
898,0.6719
899,0.623
900,0.5794
901,0.5405
902,0.506
903,0.4756
904,0.4488
905,0.4253
906,0.4048
907,0.3869
908,0.3715
909,0.3583
910,0.3471
911,0.3378
912,0.3302
913,0.3243
914,0.32
915,0.3172
916,0.3159
917,0.3161
918,0.3178
919,0.321
920,0.3258
921,0.3322
922,0.3405
923,0.3508
924,0.3631
925,0.3779
926,0.3954
927,0.416
928,0.4401
929,0.4683
930,0.5012
931,0.5397
932,0.5849
933,0.6381
934,0.7007
935,0.7747
936,0.8627
937,0.9675
938,1.0927
939,1.2426
940,1.4223
941,1.6369
942,1.8914
943,2.1892
944,2.5294
945,2.9031
946,3.2894
947,3.6531
948,3.9479
949,4.1291
950,4.1704
951,4.075
952,3.8722
953,3.6039
954,3.3094
955,3.0177
956,2.7462
957,2.5032
958,2.2912
959,2.1094
960,1.9552
961,1.8256
962,1.7177
963,1.6287
964,1.5563
965,1.4986
966,1.4539
967,1.4212
968,1.3994
969,1.3879
970,1.3864
971,1.3947
972,1.413
973,1.4415
974,1.4807
975,1.5317
976,1.5953
977,1.673
978,1.7666
979,1.8779
980,2.0094
981,2.1638
982,2.3436
983,2.5517
984,2.79
985,3.0589
986,3.3564
987,3.6755
988,4.0031
989,4.3175
990,4.5895
991,4.7854
992,4.8754
993,4.8421
994,4.6877
995,4.4333
996,4.1115
997,3.7565
998,3.3973
999,3.0541
1000,2.7387
1001,2.4562
1002,2.2074
1003,1.9907
1004,1.8031
1005,1.6412
1006,1.5018
1007,1.3817
1008,1.2783
1009,1.1891
1010,1.1121
1011,1.0456
1012,0.9882
1013,0.9386
1014,0.8959
1015,0.8593
1016,0.828
1017,0.8015
1018,0.7793
1019,0.7609
1020,0.7461
1021,0.7347
1022,0.7264
1023,0.721
1024,0.7185
1025,0.7188
1026,0.7219
1027,0.7277
1028,0.7363
1029,0.7478
1030,0.7624
1031,0.7801
1032,0.8011
1033,0.8257
1034,0.8542
1035,0.8868
1036,0.9241
1037,0.9663
1038,1.014
1039,1.0678
1040,1.1283
1041,1.1962
1042,1.2721
1043,1.3568
1044,1.4511
1045,1.5555
1046,1.6708
1047,1.797
1048,1.9342
1049,2.0815
1050,2.2375
1051,2.3996
1052,2.564
1053,2.7255
1054,2.8777
1055,3.0132
1056,3.1248
1057,3.2055
1058,3.2505
1059,3.2574
1060,3.2269
1061,3.1623
1062,3.0692
1063,2.9543
1064,2.8246
1065,2.6865
1066,2.5456
1067,2.4062
1068,2.2716
1069,2.1438
1070,2.0241
1071,1.9133
1072,1.8115
1073,1.7186
1074,1.6343
1075,1.558
1076,1.4893
1077,1.4277
1078,1.3725
1079,1.3233
1080,1.2796
1081,1.241
1082,1.207
1083,1.1774
1084,1.1518
1085,1.1299
1086,1.1116
1087,1.0966
1088,1.0847
1089,1.0758
1090,1.0698
1091,1.0667
1092,1.0663
1093,1.0686
1094,1.0736
1095,1.0813
1096,1.0917
1097,1.105
1098,1.1211
1099,1.1402
1100,1.1624
1101,1.1878
1102,1.2167
1103,1.2492
1104,1.2857
1105,1.3263
1106,1.3714
1107,1.4214
1108,1.4767
1109,1.5378
1110,1.6053
1111,1.6798
1112,1.7621
1113,1.8528
1114,1.9531
1115,2.064
1116,2.1866
1117,2.3225
1118,2.4733
1119,2.6408
1120,2.8272
1121,3.035
1122,3.2672
1123,3.5272
1124,3.8188
1125,4.1468
1126,4.5165
1127,4.9343
1128,5.4076
1129,5.9454
1130,6.5579
1131,7.2574
1132,8.0585
1133,8.9784
1134,10.0374
1135,11.2595
1136,12.6728
1137,14.3104
1138,16.2103
1139,18.4157
1140,20.9753
1141,23.9411
1142,27.3669
1143,31.303
1144,35.7894
1145,40.8445
1146,46.4524
1147,52.5452
1148,58.9881
1149,65.5715
1150,72.0183
1151,78.0079
1152,83.2224
1153,87.4019
1154,90.3891
1155,92.1525
1156,92.7783
1157,92.4381
1158,91.3474
1159,89.7282
1160,87.7824
1161,85.678
1162,83.5453
1163,81.4784
1164,79.542
1165,77.7772
1166,76.2072
1167,74.8425
1168,73.6846
1169,72.7286
1170,71.9655
1171,71.3832
1172,70.9677
1173,70.703
1174,70.5722
1175,70.5568
1176,70.6373
1177,70.7932
1178,71.0027
1179,71.243
1180,71.4905
1181,71.7214
1182,71.9117
1183,72.038
1184,72.0783
1185,72.0128
1186,71.8244
1187,71.4999
1188,71.0301
1189,70.4105
1190,69.6414
1191,68.7277
1192,67.6787
1193,66.5076
1194,65.2302
1195,63.8645
1196,62.4297
1197,60.9453
1198,59.4304
1199,57.9031
1200,56.3801